group,experiment,seed,epoch,train_loss,test_mse,test_mae
I1,创新1：双球预测,42,1,0.016206134855747224,0.010378030315041541,0.0324066872894764
I1,创新1：双球预测,42,2,0.008438771151006223,0.008228444494307041,0.024645502865314483
I1,创新1：双球预测,42,3,0.007151142779737711,0.007194186151027679,0.024525685533881188
I1,创新1：双球预测,42,4,0.00627502390742302,0.006521841697394848,0.020969952195882796
I1,创新1：双球预测,42,5,0.005564835082739592,0.00580526240170002,0.018662839084863662
I2a,创新2a：无增强训练,42,1,0.00910944452136755,0.007927850224077701,0.042780535221099855
I2a,创新2a：无增强训练,42,2,0.004368646115064621,0.007748128175735474,0.042659912556409836
I2a,创新2a：无增强训练,42,3,0.0036398495025932787,0.006997533347457647,0.03985709920525551
I2a,创新2a：无增强训练,42,4,0.00324876244366169,0.006381184868514538,0.03721999049186706
I2a,创新2a：无增强训练,42,5,0.002902242135256529,0.005905210599303245,0.03414354115724563
I2b,创新2b：噪声增强训练,42,1,0.009728082433342933,0.006206316612660885,0.036022071242332455
I2b,创新2b：噪声增强训练,42,2,0.005019249148666858,0.004124763906002044,0.020581172853708266
I2b,创新2b：噪声增强训练,42,3,0.003897193994373083,0.003540952354669571,0.014393723085522652
I2b,创新2b：噪声增强训练,42,4,0.0033570683747529985,0.0030760727357119324,0.01263817235827446
I2b,创新2b：噪声增强训练,42,5,0.0028680558539927008,0.0027910763584077358,0.011202229671180248
