group,experiment,seed,model_type,layers,hidden,kernel,input_frames,loss,epochs,batch_size,learning_rate,parameters,test_mse,test_mae,elapsed_seconds,device
0,基线 Baseline,42,convlstm,1,32,3,4,mse,5,64,0.001,38433,0.004518244303762913,0.013072342202067376,3.689195299999483,cuda
1,加深层数,42,convlstm,2,32,3,4,mse,5,64,0.001,112289,0.0038314540777355435,0.012030522674322128,6.812310499999512,cuda
2,隐藏通道,42,convlstm,1,64,3,4,mse,5,64,0.001,150593,0.004144023228436708,0.014660299159586429,7.395455799998672,cuda
3,卷积核,42,convlstm,1,32,5,4,mse,5,64,0.001,106017,0.0037249311711639167,0.013832562379539013,4.922982899999624,cuda
4,输入帧数,42,convlstm,1,32,3,8,mse,5,64,0.001,38433,0.0045293779298663135,0.013306167088449,7.395800899999813,cuda
5,结构对照,42,flatten_lstm,1,32,3,4,mse,5,64,0.001,1575936,0.007346122395247221,0.033620869368314744,0.7747251000000688,cuda
6,损失函数,42,convlstm,1,32,3,4,l1,5,64,0.001,38433,0.012007878348231315,0.012817361131310464,3.722345899999709,cuda
7,最优组合,42,convlstm,2,64,5,4,mse,5,64,0.001,1236289,0.002614572187885642,0.01052055597305298,25.613316200000554,cuda
7,最优组合,43,convlstm,2,64,5,4,mse,5,64,0.001,1236289,0.0025785348936915396,0.010202739723026752,25.293541600000026,cuda
7,最优组合,44,convlstm,2,64,5,4,mse,5,64,0.001,1236289,0.00262142863124609,0.009786138907074929,25.196902300000147,cuda
7_mean,最优组合平均,42/43/44,convlstm,2,64,5,4,mse,5,64,0.001,1236289,0.0026048452376077574,0.010169811534384886,25.367920033333576,cuda
