experiment_id,name,hidden,activation,optimizer,learning_rate,weight_decay,dropout,batch_norm,seed,figure_name,epochs,device,final_accuracy_pct,train_seconds,initial_loss,final_loss,minimum_loss,tail_loss_std,epoch_to_80_pct,finite_losses,status
baseline,基线 Baseline,32,sigmoid,sgd,0.1,0.0,0.0,False,42,result_baseline.png,30,cuda,22.22222238779068,0.1783197000004293,2.3600118160247803,2.286555767059326,2.286555767059326,0.0018948849778234488,,True,completed
exp1,换激活函数,32,relu,sgd,0.1,0.0,0.0,False,42,result_exp1.png,30,cuda,47.50000238418579,0.03850510000029317,2.297285556793213,2.1703031063079834,2.1703031063079834,0.015031724490986798,,True,completed
exp2,加深网络,128x128,sigmoid,sgd,0.1,0.0,0.0,False,42,result_exp2.png,30,cuda,7.222222536802292,0.03375860000051034,2.3483681678771973,2.301335334777832,2.301335334777832,0.00011655386997294768,,True,completed
exp3,换优化器,32,sigmoid,adam,0.01,0.0,0.0,False,42,result_exp3.png,30,cuda,82.22222328186035,0.07638709999991988,2.3600118160247803,1.2418469190597534,1.2418469190597534,0.1381850157345419,29,True,completed
exp4,调学习率,32,sigmoid,sgd,0.01,0.0,0.0,False,42,result_exp4.png,30,cuda,10.000000149011612,0.023206699999718694,2.3600118160247803,2.3337652683258057,2.3337652683258057,0.002114467873706542,,True,completed
exp5,加 L2 正则,32,sigmoid,sgd,0.1,0.0001,0.0,False,42,result_exp5.png,30,cuda,22.22222238779068,0.02674219999971683,2.3600118160247803,2.286564588546753,2.286564588546753,0.0018932918384515487,,True,completed
exp6,加 Dropout,32,sigmoid,sgd,0.1,0.0,0.2,False,42,result_exp6.png,30,cuda,19.72222328186035,0.033241300000554475,2.3671936988830566,2.2902114391326904,2.2902114391326904,0.0035286663351864825,,True,completed
exp7,加 BatchNorm,32,sigmoid,sgd,0.1,0.0,0.0,True,42,result_exp7.png,30,cuda,79.16666865348816,0.055373400000462425,2.372699022293091,1.934674620628357,1.934674620628357,0.02999095185196412,,True,completed
exp8_run1,最优组合第 1 次,128x128,relu,adam,0.001,0.0,0.0,True,42,result_exp8_run1.png,30,cuda,97.22222685813904,0.05228239999996731,2.3891890048980713,0.3631436228752136,0.3631436228752136,0.0702555528187689,11,True,completed
exp8_run2,最优组合第 2 次,128x128,relu,adam,0.001,0.0,0.0,True,42,,30,cuda,97.22222685813904,0.05340469999919151,2.3891890048980713,0.3631436228752136,0.3631436228752136,0.0702555528187689,11,True,completed
exp8_run3,最优组合第 3 次,128x128,relu,adam,0.001,0.0,0.0,True,42,,30,cuda,97.22222685813904,0.050301000000217755,2.3891890048980713,0.3631436228752136,0.3631436228752136,0.0702555528187689,11,True,completed
lr_too_big,失败实验,32,sigmoid,sgd,10.0,0.0,0.0,False,42,result_lr_too_big.png,30,cuda,36.944445967674255,0.023719200000414276,2.3600118160247803,2.185499906539917,2.004786968231201,0.20919134902958306,,True,completed
