run_id,dimension,iters_planned,iters_completed,batch_size,block_size,n_embd,n_head,n_layer,learning_rate,use_pos,seed,vocab_size,corpus_chars,parameters,initial_loss,final_loss,train_seconds,iterations_per_second,status,curve_file
baseline,基线,2000,2000,32,128,128,4,2,0.001,True,42,699,2163,502656,6.562650680541992,0.02625690959393978,94.70637960000022,21.117901544195398,completed,loss_curve_L2_E128_lr0.001.png
exp1_lr_1e-2,学习率,1000,1000,32,128,128,4,2,0.01,True,42,699,2163,502656,6.562650680541992,0.07699776440858841,118.50427889999992,8.438513860278851,completed,loss_curve_L2_E128_lr0.01.png
exp1_lr_1e-4,学习率,1000,1000,32,128,128,4,2,0.0001,True,42,699,2163,502656,6.562650680541992,0.6443683505058289,45.430643699999564,22.011574535537775,completed,loss_curve_L2_E128_lr0.0001.png
exp2_layer_1,层数,1000,1000,32,128,128,4,1,0.001,True,42,699,2163,304384,6.565736293792725,0.03200950846076012,25.26055710000037,39.587408782840555,completed,loss_curve_L1_E128_lr0.001.png
exp2_layer_4,层数,1000,1000,32,128,128,4,4,0.001,True,42,699,2163,899200,6.604126453399658,0.02561062015593052,91.8430974999992,10.888134516586929,completed,loss_curve_L4_E128_lr0.001.png
exp3_embd_64,嵌入维度,1000,1000,32,128,64,2,2,0.001,True,42,699,2163,153024,6.567202091217041,0.05176808312535286,20.93398089999937,47.769222909725215,completed,loss_curve_L2_E64_lr0.001.png
exp3_embd_256,嵌入维度,1000,1000,32,128,256,8,2,0.001,True,42,699,2163,1791744,6.618293285369873,0.02358032763004303,131.54571929999838,7.6019197380299115,completed,loss_curve_L2_E256_lr0.001.png
exp4_context_32,上下文长度,1000,1000,32,32,128,4,2,0.001,True,42,699,2163,490368,6.574808120727539,0.1259032040834427,13.32497549999971,75.0470423003796,completed,loss_curve_T32.png
exp5_no_pos,位置编码,1000,1000,32,128,128,4,2,0.001,False,42,699,2163,486272,6.5991716384887695,0.032922811806201935,46.355677300000025,21.57233068839228,completed,loss_curve_no_pos.png
