group,temperature,top_k,no_repeat_ngram,sample_index,seed,prompt,text,unique_3gram_ratio,repeated_3gram_ratio
sample_1,1.0,20,0,1,1101,春,"春来发几枝。愿君多采撷，此物最相思。
独坐幽篁里，弹琴复长啸。深林人不知，明月来相照。
君自故乡来，应知故乡事。来日绮窗前，寒梅著花未。
山中相送罢，日暮掩柴扉。春草明年绿，王孙归不归。
花间一壶酒，独酌无相亲。举杯邀明月，对影成三人。
小时不识月，呼作白青云端。又疑瑶台镜，飞在青云端。
长安一片月，万户捣衣声。秋风吹不尽，总是玉关情。
弃我去者，昨日之日不可留。乱我心者，今日之日多烦忧。
抽刀断水",0.9849246231155779,0.015075376884422065
sample_1,1.0,20,0,2,1102,春,"春晖。
山重水复疑无路，柳暗花明又一村。莫笑农家腊酒浑，丰年留客足鸡豚。
纸上得来终觉浅，绝知此事要躬行。古人学问无遗力，少壮功夫老始成。
死去元知万事空，但悲不见九州同。王师北定中原日，家祭无忘告乃翁。
小荷才露尖尖角，早有蜻蜓立上头。泉眼无声惜细流，树阴照水爱晴柔。
接天莲叶无穷碧，映日荷花别样红。毕竟西湖六月中，风光不与四时同。
胜日寻芳泗水滨，无边光景一时新。等闲识得东风面，万紫千红总是春。",1.0,0.0
sample_1,1.0,20,0,3,1103,春,"春潮带雨晚来急，野渡无人舟自横。
天街小雨润如酥，草色遥看近却无。最是一年春好处，绝胜烟柳满皇都。
昔人已乘黄鹤去，此地空余黄鹤楼。黄鹤一去不复返，白云千载空悠悠。
晴川历历汉阳树，芳草萋萋鹦鹉洲。日暮乡关何处是，烟波江上使人愁。
客舍青青柳色新，渭城朝雨浥轻尘。劝君更尽一杯酒，西出阳关无故人。
寒雨连江夜入吴，平明送客楚山孤。洛阳亲友如相问，一片冰心在玉壶。
山光忽西落，池月渐东上。散发乘夕凉，开",1.0,0.0
sample_2,0.5,20,0,1,1101,春,"春来发几枝。愿君多采撷，此物最相思。
独坐幽篁里，弹琴复长啸。深林人不知，明月来相照。
君自故乡来，应知故乡事。来日绮窗前，寒梅著花未。
山中相送罢，日暮掩柴扉。春草明年绿，王孙归不归。
花间一壶酒，独酌无相亲。举杯邀明月，对影成三人。
小时不识月，呼作白玉盘。又疑瑶台镜，飞在青云端。
长安一片月，万户捣衣声。秋风吹不尽，总是玉关情。
弃我去者，昨日之日不可留。乱我心者，今日之日多烦忧。
抽刀断水水",0.9949748743718593,0.005025125628140725
sample_2,0.5,20,0,2,1102,春,"春来发几枝。愿君多采撷，此物最相思。
独坐幽篁里，弹琴复长啸。深林人不知，明月来相照。
君自故乡来，应知故乡事。来日绮窗前，寒梅著花未。
山中相送罢，日暮掩柴扉。春草明年绿，王孙归不归。
花间一壶酒，独酌无相亲。举杯邀明月，对影成三人。
小时不识月，呼作白玉盘。又疑瑶台镜，飞在青云端。
长安一片月，万户捣衣声。秋风吹不尽，总是玉关情。
弃我去者，昨日之日不可留。乱我心者，今日之日多烦忧。
抽刀断水水",0.9949748743718593,0.005025125628140725
sample_2,0.5,20,0,3,1103,春,"春来发几枝。愿君多采撷，此物最相思。
独坐幽篁里，弹琴复长啸。深林人不知，明月来相照。
君自故乡来，应知故乡事。来日绮窗前，寒梅著花未。
山中相送罢，日暮掩柴扉。春草明年绿，王孙归不归。
花间一壶酒，独酌无相亲。举杯邀明月，对影成三人。
小时不识月，呼作白玉盘。又疑瑶台镜，飞在青云端。
长安一片月，万户捣衣声。秋风吹不尽，总是玉关情。
弃我去者，昨日之日不可留。乱我心者，今日之日多烦忧。
抽刀断水水",0.9949748743718593,0.005025125628140725
sample_3,1.5,20,0,1,1101,春,"春来急，野渡无人舟自横。
天街小雨润如酥，草色遥看近如酥，草色遥看近却无。最是一年春好处，绝胜烟柳满皇都。
昔人已乘黄鹤去，此地空余黄鹤楼。黄鹤一去不复返，白云千载空悠悠。
蜻农家祭无遗力，便引诗情玉壶。
黄鹤去元知万事空，但悲不见九州同。王师北定中原日，家祭无忘告乃翁。
小荷才露尖尖角，早有蜻蜓立上头。泉眼无声惜细流，树阴照水爱晴柔。
接天莲叶无穷碧，映日荷花别样红。毕竟西湖六月中，风光不与四时同",0.9597989949748744,0.04020100502512558
sample_3,1.5,20,0,2,1102,春,"春中。
半亩方塘一鉴开，天光云影共余黄云影共徘徊。问渠苦遭逢起一片冰心在破岩中。
烽火焚烧若等闲识君。上。白在山不见相思空间，可怜无数山。
人生自古谁无言寸草心，柳暗花明又一层猿光景一经，干戈寥落四周星。
咬定青山不放松，立根原在破岩中。千锤万击还坚劲，任尔东西南北风。
千锤万凿出深山，烈火焚烧若等闲。粉骨碎身浑不怕，立根原在人间。
浩荡离寂寥，吟鞭东指即万马齐喑究可哀。
竟西力微任尔东指即天涯。西",0.9246231155778895,0.07537688442211055
sample_3,1.5,20,0,3,1103,春,"春潮带雨晚来急，野渡无人舟自横。
天街小雨润如酥，草色遥看近却无。
葡皇都。
昔人已乘黄鹤去，此地空余黄鹤楼。黄鹤一去不复返，白云千载空悠悠。
晴川历历汉阳树，芳草白云间，芳草萋萋鹦鹉洲。日暮乡关何处是，烟波江上使人愁。
客舍青青柳色新，渭城朝雨浥轻尘。劝君更尽一杯酒，西出阳关舟。
寒雨连江夜入吴，平明送客楚山孤。洛阳亲友如相问，一片冰心在玉壶。
山白帝彩云间，渭城春晖。
山泪，恨别别鸟惊心深千载空",0.9748743718592965,0.025125628140703515
sample_4,1.0,5,0,1,1101,春,"春来发几枝。愿君多采撷，此物最相思。
独坐幽篁里，弹琴复长啸。深林人不知，明月来相照。
君自故乡来，应知故乡事。来日绮窗前，寒梅著花未。
山中相送罢，日暮掩柴扉。春草明年绿，王孙归不归。
花间一壶酒，独酌无相亲。举杯邀明月，对影成三人。
小时不识月，呼作白青云端。又疑瑶台镜，飞在青云端。
长安一片月，万户捣衣声。秋风吹不尽，总是玉关情。
弃我去者，昨日之日不可留。乱我心者，今日之日多烦忧。
抽刀断水",0.9849246231155779,0.015075376884422065
sample_4,1.0,5,0,2,1102,春,"春晖。
山重水复疑无路，柳暗花明又一村。莫笑农家腊酒浑，丰年留客足鸡豚。
纸上得来终觉浅，绝知此事要躬行。古人学问无遗力，少壮功夫老始成。
死去元知万事空，但悲不见九州同。王师北定中原日，家祭无忘告乃翁。
小荷才露尖尖角，早有蜻蜓立上头。泉眼无声惜细流，树阴照水爱晴柔。
接天莲叶无穷碧，映日荷花别样红。毕竟西湖六月中，风光不与四时同。
胜日寻芳泗水滨，无边光景一时新。等闲识得东风面，万紫千红总是春。",1.0,0.0
sample_4,1.0,5,0,3,1103,春,"春来发几枝。愿君多采撷，此物最相思。
独坐幽篁里，弹琴复长啸。深林人不知，明月来相照。
君自故乡来，应知故乡事。来日绮窗前，寒梅著花未。
山中相送罢，日暮掩柴扉。春草明年绿，王孙归不归。
花间一壶酒，独酌无相亲。举杯邀明月，对影成三人。
小时不识月，呼作白玉盘。又疑瑶台镜，飞在青云端。
长安一片月，万户捣衣声。秋风吹不尽，总是玉关情。
弃我去者，昨日之日不可留。乱我心者，今日之日多烦忧。
抽刀断水水",0.9949748743718593,0.005025125628140725
sample_5,1.0,699,0,1,1101,春,"春来发几枝。愿君多采撷，此物最相思。
独坐幽篁里，弹琴复长啸。深林人不知，明月来相照。
君自故乡来，应知故乡事。来日绮窗前，寒梅著花未。
山中相送罢，日暮掩柴扉。春草明年绿，王孙归不归。
花间一壶酒，独酌无相亲。举杯邀明月，对影成三人。
小时不识月，呼作白青云端。又疑瑶台镜，飞在青云端。
长安一片月，万户捣衣声。秋风吹不尽，总是玉关情。
弃我去者，昨日之日不可留。乱我心者，今日之日多烦忧。
抽刀断水",0.9849246231155779,0.015075376884422065
sample_5,1.0,699,0,2,1102,春,"春晖。
山重水复疑无路，柳暗花明又一村。莫笑农家腊酒浑，丰年留客足鸡豚。
纸上得来终觉浅，绝知此事要躬行。古人学问无遗力，少壮功夫老始成。
死去元知万事空，但悲不见九州同。王师北定中原日，家祭无忘告乃翁。
小荷才露尖尖角，早有蜻蜓立上头。泉眼无声惜细流，树阴照水爱晴柔。
接天莲叶无穷碧，映日荷花别样红。毕竟西湖六月中，风光不与四时同。
胜日寻芳泗水滨，无边光景一时新。等闲识得东风面，万紫千红总是春。",1.0,0.0
sample_5,1.0,699,0,3,1103,春,"春潮带雨晚来急，野渡无人舟自横。
天街小雨润如酥，草色遥看近却无。最是一年春好处，绝胜烟柳满皇都。
昔人已乘黄鹤去，此地空余黄鹤楼。黄鹤一去不复返，白云千载空悠悠。
晴川历历汉阳树，芳草萋萋鹦鹉洲。日暮乡关何处是，烟波江上使人愁。
客舍青青柳色新，渭城朝雨浥轻尘。劝君更尽一杯酒，西出阳关无故人。
寒雨连江夜入吴，平明送客楚山孤。洛阳亲友如相问，一片冰心在玉壶。
山光忽西落，池月渐东上。散发乘夕凉，开",1.0,0.0
bonus_base,1.0,20,0,1,1101,春,"春来发几枝。愿君多采撷，此物最相思。
独坐幽篁里，弹琴复长啸。深林人不知，明月来相照。
君自故乡来，应知故乡事。来日绮窗前，寒梅著花未。
山中相送罢，日暮掩柴扉。春草明年绿，王孙归不归。
花间一壶酒，独酌无相亲。举杯邀明月，对影成三人。
小时不识月，呼作白青云端。又疑瑶台镜，飞在青云端。
长安一片月，万户捣衣声。秋风吹不尽，总是玉关情。
弃我去者，昨日之日不可留。乱我心者，今日之日多烦忧。
抽刀断水",0.9849246231155779,0.015075376884422065
bonus_base,1.0,20,0,2,1102,春,"春晖。
山重水复疑无路，柳暗花明又一村。莫笑农家腊酒浑，丰年留客足鸡豚。
纸上得来终觉浅，绝知此事要躬行。古人学问无遗力，少壮功夫老始成。
死去元知万事空，但悲不见九州同。王师北定中原日，家祭无忘告乃翁。
小荷才露尖尖角，早有蜻蜓立上头。泉眼无声惜细流，树阴照水爱晴柔。
接天莲叶无穷碧，映日荷花别样红。毕竟西湖六月中，风光不与四时同。
胜日寻芳泗水滨，无边光景一时新。等闲识得东风面，万紫千红总是春。",1.0,0.0
bonus_base,1.0,20,0,3,1103,春,"春潮带雨晚来急，野渡无人舟自横。
天街小雨润如酥，草色遥看近却无。最是一年春好处，绝胜烟柳满皇都。
昔人已乘黄鹤去，此地空余黄鹤楼。黄鹤一去不复返，白云千载空悠悠。
晴川历历汉阳树，芳草萋萋鹦鹉洲。日暮乡关何处是，烟波江上使人愁。
客舍青青柳色新，渭城朝雨浥轻尘。劝君更尽一杯酒，西出阳关无故人。
寒雨连江夜入吴，平明送客楚山孤。洛阳亲友如相问，一片冰心在玉壶。
山光忽西落，池月渐东上。散发乘夕凉，开",1.0,0.0
bonus_no_repeat_3gram,1.0,20,3,1,1101,春,"春来发几枝。愿君多采撷，此物最相思。
独坐幽篁里，弹琴复长啸。深林人不知，明月来相照。
君自故乡来，应知故乡事。来日绮窗前，寒梅著花未。
山中相送罢，日暮掩柴扉。春草明年绿，王孙归不归。
花间一壶酒，独酌无相亲。举杯邀明月，对影成三人。
小时不识月，呼作白青云端。又疑瑶台镜，飞在青云成三月，举杯酒，万户捣衣声。
鹅，鹅，曲，曲项向天歌。白毛浮绿水，红掌拨清波。
两个黄鹂鸣翠柳，一行白鹭上青天。窗含西",1.0,0.0
bonus_no_repeat_3gram,1.0,20,3,2,1102,春,"春晖。
山重水复疑无路，柳暗花明又一村。莫笑农家腊酒浑，丰年留客足鸡豚。
纸上得来终觉浅，绝知此事要躬行。古人学问无遗力，少壮功夫老始成。
死去元知万事空，但悲不见九州同。王师北定中原日，家祭无忘告乃翁。
小荷才露尖尖角，早有蜻蜓立上头。泉眼无声惜细流，树阴照水爱晴柔。
接天莲叶无穷碧，映日荷花别样红。毕竟西湖六月中，风光不与四时同。
胜日寻芳泗水滨，无边光景一时新。等闲识得东风面，万紫千红总是春。",1.0,0.0
bonus_no_repeat_3gram,1.0,20,3,3,1103,春,"春潮带雨晚来急，野渡无人舟自横。
天街小雨润如酥，草色遥看近却无。最是一年春好处，绝胜烟柳满皇都。
昔人已乘黄鹤去，此地空余黄鹤楼。黄鹤一去不复返，白云千载空悠悠。
晴川历历汉阳树，芳草萋萋鹦鹉洲。日暮乡关何处是，烟波江上使人愁。
客舍青青柳色新，渭城朝雨浥轻尘。劝君更尽一杯酒，西出阳关无故人。
寒雨连江夜入吴，平明送客楚山孤。洛阳亲友如相问，一片冰心在玉壶。
山光忽西落，池月渐东上。散发乘夕凉，开",1.0,0.0
