run_id,sample_index,seed,prompt,temperature,top_k,text,unique_3gram_ratio,repeated_3gram_ratio
baseline,1,1201,春,1.0,20,"春风不入海流。莫笑农家腊酒浑，丰年留客足鸡豚。
纸上得来终觉浅，绝知此事要躬行。古人学问无遗力，少壮功夫老始成。
死去元知万事空，但悲不见九州同。王师北定中原日，家祭无忘告乃翁。
小荷才露尖尖角，早有蜻蜓立上头。泉眼无声惜细流，树阴照水爱晴柔",1.0,0.0
baseline,2,1202,春,1.0,20,"春眠不觉晓，处处闻啼鸟。夜来风雨声，花落知多少。
白日依山尽，黄河入海流。欲穷千里目，更上一层楼。
锄禾日当午，汗滴禾下土。谁知盘中餐，粒粒皆辛苦。
离离原上草，一岁一枯荣。野火烧不尽，春风吹又生。
远芳侵古道，晴翠接荒城。毕竟西湖光秋悲不与",1.0,0.0
exp1_lr_1e-2,1,1201,春,1.0,20,"春风吹又生。
远芳侵古道，晴翠接荒城。又送王孙去，萋萋满别情。
千山鸟飞绝，万径人踪灭。孤舟蓑笠翁，独钓寒江雪。
鹅，鹅，鹅，曲项向天歌。白毛浮绿水，红掌拨清波。
两个黄鹂鸣翠柳，一行白鹭上青天。窗含西岭千秋雪，门泊东吴万里船。
朝辞白帝彩云",0.9831932773109243,0.01680672268907568
exp1_lr_1e-2,2,1202,春,1.0,20,"春风。
独怜幽草涧边生，上有黄鹂深树鸣。春潮带雨晚来急，野渡无人舟自横。
天街小雨润如酥，草色遥看近却无。最是一年春好处，绝胜烟柳满皇都。
昔人已乘黄鹤去，此地空余黄鹤楼。黄鹤一去不复返，白云千载空悠悠。
晴川历历汉阳树，芳草萋萋鹦鹉洲。日暮",1.0,0.0
exp1_lr_1e-4,1,1201,春,1.0,20,"春风不入岸，我死，春深。返景入深林人，留清，照。野渡无长啸头搔更流。
天地，不尽一去者。
月落一杯消愁眠万金。王孙去者，不称怜无，对愁。
寒雨相壶酒夜不知，来。
人光云白日暮窗含西愁。莫笑农家。
昔人学问，丰年绿，古洛阳，独怜幽草心。
昔边生",0.9915966386554622,0.008403361344537785
exp1_lr_1e-4,2,1202,春,1.0,20,"春风，绝知多少。日寻常百姓家。野火烧不见古古逢秋月来终觉浅，江尽，两相送王师北风不见古人。
小荷才露看红不度玉浥轻骑逐，烟笼寒雨，水更护花。
识得清黄鹂深林，夜半亩方多少相思未。佳节未磨。东风日斜。蓑远上得来发乘夕阳人项向天地，柳鹦鹉洲。吴不",0.9915966386554622,0.008403361344537785
exp2_layer_1,1,1201,春,1.0,20,"春风吹又生。
远芳侵古道，晴翠接荒城。又送王孙去，萋萋满别情。
千山鸟飞绝，万径人踪灭。孤舟蓑笠翁，独钓寒江雪。
鹅，鹅，曲项向天歌。白毛浮绿水，红掌拨清波。
两个黄鹂鸣翠柳，一行白鹭上青天。窗含西岭千秋雪，门泊东吴万里船。
朝辞白帝彩云间，",1.0,0.0
exp2_layer_1,2,1202,春,1.0,20,"春风不度玉门关。
秦时花重锦官城。野径云俱黑，江船火独明。
国破山河在，城春草木深。感时花溅泪，恨别鸟惊心。
烽火连三月，家书抵万金。白头搔更短，浑欲不胜簪。
细草微风岸，危樯独夜舟。星垂平野阔，月涌大江流。
风急天高猿啸哀，渚清沙白鸟飞回。",1.0,0.0
exp2_layer_4,1,1201,春,1.0,20,"春草明年绿，王孙归不归。
花间一壶酒，独酌无相亲。举杯邀明月，对影成三人。
小时不识月，呼作白玉盘。又疑瑶台镜，飞在青云端。
长安一片月，万户捣衣声。秋风吹不尽，总是玉关情。
弃我去者，昨日之日不可留。乱我心者，今日之日多烦忧。
抽刀断水水更",0.9915966386554622,0.008403361344537785
exp2_layer_4,2,1202,春,1.0,20,"春涧中。
红豆生南国，春来发几枝。愿君多采撷，此物最相思。
独坐幽篁里，弹琴复长啸。深林人不知，明月来相照。
君自故乡来，应知故乡事。来日绮窗前，寒梅著花未。
山中相送罢，日暮掩柴扉。春草明年绿，王孙归不归。
花间一壶酒，独酌无相亲。举杯邀明",1.0,0.0
exp3_embd_64,1,1201,春,1.0,20,"春风不与四时同。
胜树阴照千锤万凿出深留
纸上惜细无死破山，恨，浑欲饮琵琶马度阴山翠，立根原在，意恐迟迟迟归。王师北定中。
笼明
两个黄鹂鸣。我心，留碧，家腊酒浑欲将磨万击还。
纸上得来天街小荷花。学问渠那得清沙铁古逢秋悲不与四时同。
纸上踏",0.9327731092436975,0.0672268907563025
exp3_embd_64,2,1202,春,1.0,20,"春风不教胡。磨。临行密缝，意恐迟迟归。谁言寸草心，报得三春晖。
山重水复疑无路，柳暗花明又一村。莫笑农家腊酒浑，丰年留客足鸡豚。
纸上得来终觉浅，绝知此事要躬行。古人学问无遗力，少壮功夫老始成。
死去元知万事空，但悲人学问无遗力，少壮功夫老始",0.907563025210084,0.09243697478991597
exp3_embd_256,1,1201,春,1.0,20,"春朝。晴空一鹤排云上，便引诗情到碧霄。
前不见古人，后不见来者。念天地之悠悠，独怆然而涕下。
葡萄美酒夜光杯，欲饮琵琶马上催。醉卧沙场君莫笑，古来征战几人回。
黄河远上白云间，一片孤城万仞山。羌笛何须怨杨柳，春风不度玉门关。
秦时明月汉时关，",1.0,0.0
exp3_embd_256,2,1202,春,1.0,20,"春朝。晴空一鹤排云上，便引诗情到碧霄。
前不见古人，后不见来者。念天地之悠悠，独怆然而涕下。
葡萄美酒夜光杯，欲饮琵琶马上催。醉卧沙场君莫笑，古来征战几人回。
黄河远上白云间，一片孤城万仞山。羌笛何须怨杨柳，春风不度玉门关。
秦时明月汉时关，",1.0,0.0
exp4_context_32,1,1201,春,1.0,20,"春草木深。感时花溅泪，恨别鸟惊心。
烽火连三月，家书抵万金。白头搔更短，浑欲不胜簪。
细草微风岸，危樯独夜舟。星垂平野阔，月涌大江流。
风急天高猿啸哀，渚清沙白鸟飞回。无边落木萧萧下，不尽长江滚滚来。
花近高楼伤客心，万方多难此登临。锦江春色",1.0,0.0
exp4_context_32,2,1202,春,1.0,20,"春涧中。
红豆生南国，春来发几枝。愿君多采撷，此物最相思。
独坐幽篁里，弹琴复长啸。深林人不知，明月来相照。
君自故乡来，应知故乡事。来日绮窗前，寒梅著花未。
山中相送罢，日暮掩柴扉。春草明年绿，王孙归不归。
花间一壶酒，独酌无相亲。举杯邀明",1.0,0.0
exp5_no_pos,1,1201,春,1.0,20,"春朝。晴空一鹤排云上，便引诗情到碧霄。
前不见古人，后不见来者。念天地之悠悠，独怆然而涕下。
葡萄美酒夜光杯，欲饮琵琶马上催。醉卧沙场君莫笑，古来征战几人回。
黄河远上白云间，一片孤城万仞山。羌笛何须怨杨柳，春风不度玉门关。
秦时关。
秦时明",0.9747899159663865,0.025210084033613467
exp5_no_pos,2,1202,春,1.0,20,"春眠不觉晓，处处闻啼鸟。夜来风雨声，花落知多少。
白日曛，北望不与周。
烽火对影成三月涌大江犹唱后庭花。散发友如许，北望长江流。
折戟沉沙铁未。
巴山楚水凄凉地，旧空，旧空，旧空，闲识月黑雁飞入海流。
烽火对影共徘徊。未情。问酒家何处有源头万",0.907563025210084,0.09243697478991597
